{"title":"About","url":"/about","description":"<p>Business trends is a static demo site, developed by <a href=\"https://contentstack.built.io\" target=\"_blank\">Built.io Contentstack</a> in order to demonstrate an example demo of `contentstack-metalsmith` pluggable plugin. Its developed over nodejs and extends `<a href=\"http://www.metalsmith.io\" target=\"_blank\">metalsmith</a>` by fetching data from Built.io Contentstack servers.\n</p><p>You can read more about the `contentstack-metalsmith` SDK here.\n</p><p><strong>Built.io Contentstack</strong>\n</p><p>In a world where content is consumed via countless channels and form factors across mobile, web and IoT, Built.io Contentstack reimagines content management by decoupling code from content. Business users manage content – no training or development required. Developers can create cross-platform apps and take advantage of a headless CMS that delivers content through APIs. With an architecture that’s extensible – but without the bloat of legacy CMS – Built.io Contentstack cuts down on infrastructure, maintenance, cost and complexity.<br>\n</p><p><strong>Metalsmith</strong>\n</p><p>An extremely simple, pluggable static site generator.&nbsp;The task of a static site generator is to produce static build files that can be deployed to a web server. These files are built from source files.&nbsp;Metalsmith is built on this reasoning. It takes the information from the source files from a source directory and it writes the manipulated information to files into a destination directory. All manipulations, however, it exclusively leaves to plugins.</p><p>This theme is created using free open sourced templates.\n</p>","tags":[],"locale":"en-us","uid":"blt9e4d5a2d1a97ec13","created_by":"blt587a89fc7883c56700a95bfe","updated_by":"bltd94c186015b52323d9429c90","created_at":"2017-05-18T13:40:31.752Z","updated_at":"2017-05-25T06:40:59.545Z","_version":7}