{"title":"Footer","get_in_touch_title":"Metalsmith Example Demo","tagline":"Try out contentstack-metalsmith <a href=\"https://github.com/builtio-contentstack/contentstack-metalsmith-example\" target=\"_blank\">@github</a>","social_details":[{"font_awesome_class":"fa-twitter","link":{"title":"Twitter","href":"#"}},{"font_awesome_class":"fa-facebook","link":{"title":"Facebook","href":"#"}},{"font_awesome_class":"fa-tumblr","link":{"title":"Tumbler","href":"#"}}],"copyright":"Design by: <a href=\"http://templated.co\">Built.io</a> | <a href=\"info@marketing.com \">info@marketing.com </a>","tags":[],"locale":"en-us","uid":"blt5a14eb4a642d2233","created_by":"bltd94c186015b52323d9429c90","updated_by":"blt587a89fc7883c56700a95bfe","created_at":"2017-05-18T13:21:53.495Z","updated_at":"2017-06-05T13:34:09.410Z","_version":7}