{"title":"Header","logo":{"logo_title":"Business Trends","logo_tag":"By Contentstack Dev Services"},"navigation":{"link":[{"title":"Homepage","href":"/"},{"title":"About","href":"/about"}]},"website_background_image":{"uid":"blt8b07fd74c65a571e","created_at":"2017-06-05T13:21:16.455Z","updated_at":"2017-06-05T13:21:16.455Z","created_by":"blt587a89fc7883c56700a95bfe","updated_by":"blt587a89fc7883c56700a95bfe","content_type":"image/jpeg","file_size":"46272","tags":[],"filename":"laptop_picture.jpg","url":"https://images.contentstack.io/v3/assets/blta9e76a1f2ce5900a/blt8b07fd74c65a571e/59355acc41d797da5b0a4646/download","ACL":[],"is_dir":false,"_version":1,"title":"laptop_picture.jpg","publish_details":[{"environment":"bltf9a70bdf865fda6c","locale":"en-us","version":1,"user":"blt587a89fc7883c56700a95bfe","time":"2017-06-05T13:21:34.529Z"},{"environment":"bltd94774eed4b9c2fc","locale":"en-us","version":1,"user":"blt587a89fc7883c56700a95bfe","time":"2017-06-05T13:21:34.529Z"},{"environment":"bltc52587bad53dc5a6","locale":"en-us","time":"2020-09-14T13:35:33.575Z","user":"bltf01cfddcefa2394d","version":1}]},"tags":[],"locale":"en-us","uid":"blt8c10d6e36a826ab9","created_by":"bltd94c186015b52323d9429c90","updated_by":"blt587a89fc7883c56700a95bfe","created_at":"2017-05-18T14:11:14.603Z","updated_at":"2017-06-05T13:21:22.161Z","_version":14}