{"title":"Business Trends","url":"/index","welcome_tag":"Welcome to Business Trends!","tags":[],"locale":"en-us","uid":"bltd8c68b1c6d72ce28","created_by":"bltd94c186015b52323d9429c90","updated_by":"bltd94c186015b52323d9429c90","created_at":"2017-05-18T14:13:17.097Z","updated_at":"2017-05-25T06:51:47.728Z","_version":11,"our_product_details":[{"title":"Rainbow themed beverages","icon_font":"","description":"The multi-hued beverages are being developed by smaller brands. Starbucks 'Unicorn Frappuccino' seems to be fine example that's taking the Internet by Storm."},{"title":"Energizing Coffee Chews","icon_font":"","description":"The chewable candies boast 35 calories, which is more than a standard black cup of coffee, but may be about on par with a coffee beverage with milk, sugar or creamer added."},{"title":"Non Oxidizing Non Juciers","icon_font":"","description":"Cold-pressed juice has quickly become the best way to consume fresh juice that doesn't eradicate nutrients, which is why slow juicers like the Ventray Masticating Juicer are becoming a more popular option for at-home creation."}],"welcome_message":"<p>This is <strong>Business Trends</strong>, a demo&nbsp;site template. Check out <a href=\"https://contentstack.built.io\" target=\"_blank\">Built.io Contentstack</a> a headless CMS to manage your content and build awesome websites! Today, downstairs you can find a list of beverage trends.</p>"}