{"title":"Coffee Chew","url":"/coffee-chew","image":{"uid":"blt465e340b020dbf4c","created_at":"2017-06-05T17:09:29.892Z","updated_at":"2017-06-05T17:09:29.892Z","created_by":"bltd94c186015b52323d9429c90","updated_by":"bltd94c186015b52323d9429c90","content_type":"image/jpeg","file_size":"26781","tags":[],"filename":"optimized-coffee_chew.jpg","url":"https://images.contentstack.io/v3/assets/blta9e76a1f2ce5900a/blt465e340b020dbf4c/59359049d73d91c55b422416/download","ACL":[],"is_dir":false,"_version":1,"title":"optimized-coffee_chew.jpg","publish_details":[{"environment":"bltf9a70bdf865fda6c","locale":"en-us","version":1,"user":"bltd94c186015b52323d9429c90","time":"2017-06-05T17:12:53.247Z"},{"environment":"bltc52587bad53dc5a6","locale":"en-us","time":"2020-09-14T13:36:30.893Z","user":"bltf01cfddcefa2394d","version":1}]},"summary":"Dry Brew produces what it calls 'The Coffee Chew,' which provides the amount of caffeine that's equivalent to drinking about two thirds of a cup of regular coffee.","description":"<p>Dry Brew produces what it calls 'The Coffee Chew,' which provides the amount of caffeine that's equivalent to drinking about two thirds of a cup of regular coffee.&nbsp;</p><p>Ingredients in the solid coffee chews are real coffee, non-dairy creamer and a zero-calorie sweetener. The chewable candies boast 35 calories, which is more than a standard black cup of coffee, but may be about on par with a coffee beverage with milk, sugar or creamer added.&nbsp;<br></p><p>As an alternative to hot liquid coffee, which has the potential to spill and stain, many java lovers are turning to solid coffee-infused products. In the same that that Dry Brew prides itself on being a producer of \"Waterless Coffee,\" Nootrobox makes caffeinated gummy candies called 'Go Cubes,' and Java Me Up makes coffee snack bars that are branded as \"Coffee That Never Spills.\".<br></p>","tags":[],"locale":"en-us","uid":"blt7b0f6bbea4a798fc","created_by":"blt587a89fc7883c56700a95bfe","updated_by":"bltd94c186015b52323d9429c90","created_at":"2017-05-19T09:29:44.698Z","updated_at":"2017-06-05T17:09:32.001Z","_version":5}