{"title":"Slow Juciers","url":"/slow-juicers","image":{"uid":"bltee3b219543ba1b5b","created_at":"2017-06-05T17:19:03.308Z","updated_at":"2017-06-05T17:19:03.308Z","created_by":"bltd94c186015b52323d9429c90","updated_by":"bltd94c186015b52323d9429c90","content_type":"image/jpeg","file_size":"37064","tags":[],"filename":"slow_juicers.jpg","url":"https://images.contentstack.io/v3/assets/blta9e76a1f2ce5900a/bltee3b219543ba1b5b/59359287d73d91c55b422424/download","ACL":[],"is_dir":false,"_version":1,"title":"slow_juicers.jpg","publish_details":[{"environment":"bltf9a70bdf865fda6c","locale":"en-us","version":1,"user":"bltd94c186015b52323d9429c90","time":"2017-06-05T17:19:47.625Z"},{"environment":"bltc52587bad53dc5a6","locale":"en-us","time":"2020-09-14T13:36:12.388Z","user":"bltf01cfddcefa2394d","version":1}]},"summary":"Cold-pressed juice has quickly become the best way to consume fresh juice that doesn't eradicate nutrients, which is why slow juicers rox!","description":"<p>Cold-pressed juice has quickly become the best way to consume fresh juice that doesn't eradicate nutrients, which is why slow juicers like the Ventray Masticating Juicer are becoming a more popular option for at-home creation.</p><p>The Ventray Masticating Juicer works by creating chopping fruits and veggies roughly in order to preserve the living nutrients within. This ensures that the final beverage that is created is as pure and fresh as possible with all the vital nutrients within the produce used intact.<br></p><p>The slow juicers come as a quick, easy way to prepare fresh juices from home without having to spend an endless amount of time cutting and chopping ingredients to get them ready to be put in the machine.<br></p>","tags":[],"locale":"en-us","uid":"blt779099c1cec12e4e","created_by":"blt587a89fc7883c56700a95bfe","updated_by":"bltd94c186015b52323d9429c90","created_at":"2017-05-19T09:32:35.556Z","updated_at":"2017-06-05T17:19:05.649Z","_version":6}