{"title":"Detox Pack","url":"/detox-pack","image":{"uid":"blt955b3a72732ea5f8","created_at":"2017-06-05T17:08:37.856Z","updated_at":"2017-06-05T17:08:37.856Z","created_by":"bltd94c186015b52323d9429c90","updated_by":"bltd94c186015b52323d9429c90","content_type":"image/jpeg","file_size":"43202","tags":[],"filename":"detox_pack.jpg","url":"https://images.contentstack.io/v3/assets/blta9e76a1f2ce5900a/blt955b3a72732ea5f8/59359015f54e75f45bdac581/download","ACL":[],"is_dir":false,"_version":1,"title":"detox_pack.jpg","publish_details":[{"environment":"bltf9a70bdf865fda6c","locale":"en-us","version":1,"user":"bltd94c186015b52323d9429c90","time":"2017-06-05T17:13:05.667Z"},{"environment":"bltc52587bad53dc5a6","locale":"en-us","time":"2020-09-14T13:36:39.327Z","user":"bltf01cfddcefa2394d","version":1}]},"summary":"A detox is a great way to reset your system and help alleviate some problems you might be experiencing like fatigue or bloating.","description":"<p>A detox is a great way to reset your system and help alleviate some problems you might be experiencing like fatigue or bloating, so the Teami 30 Day Tea Detox Pack is intended to be an optimal way to help support your endeavor.</p><p>The tea detox from Teami consists of the brand's Skinny loose leaf tea along with the Colon cleanse tea bags. Those that participate in the tea detox drink a cup of the Skinny in the morning and a cup of Colon every other night before bed. The Skinny tea can be reused throughout the day up to three times to offer you a way to stay hydrated and get the most out of every dose of the tea.<br></p><p>The Teami 30 Day Tea Detox Pack is purported to be a fantastic way to shed some pounds, increase energy levels and even boost metabolism.<br></p>","tags":[],"locale":"en-us","uid":"blt4f4bcc85aafdaff5","created_by":"blt587a89fc7883c56700a95bfe","updated_by":"bltd94c186015b52323d9429c90","created_at":"2017-05-19T09:35:07.319Z","updated_at":"2017-06-05T17:08:39.685Z","_version":4}