{"title":"Clear Coffee","url":"/clear-coffee","image":{"uid":"bltff918a2336b8c370","created_at":"2017-06-05T17:10:05.870Z","updated_at":"2017-06-05T17:10:05.870Z","created_by":"bltd94c186015b52323d9429c90","updated_by":"bltd94c186015b52323d9429c90","content_type":"image/jpeg","file_size":"43525","tags":[],"filename":"clear_coffee.jpg","url":"https://images.contentstack.io/v3/assets/blta9e76a1f2ce5900a/bltff918a2336b8c370/5935906d4a291cf95b85f500/download","ACL":[],"is_dir":false,"_version":1,"title":"clear_coffee.jpg","publish_details":[{"environment":"bltf9a70bdf865fda6c","locale":"en-us","version":1,"user":"bltd94c186015b52323d9429c90","time":"2017-06-05T17:10:20.266Z"},{"environment":"bltc52587bad53dc5a6","locale":"en-us","time":"2020-09-14T13:36:22.935Z","user":"bltf01cfddcefa2394d","version":1}]},"summary":"The world's first Clear Coffee is exactly how it sounds -- a traditional cold brew beverage that looks like water.","description":"<p>The world's first Clear Coffee is exactly how it sounds -- a traditional cold brew beverage that looks like water.&nbsp;</p><p>Coffee's ability to stain the teeth of those who drink it regularly is one of the beverage's major downsides, and the Clear Coffee brand alleviates that problem entirely. It is made from high quality Arabica coffee beans, has the same flavor as regular cold brew coffee, and also has a standard amount of caffeine in it -- but is completely clear in appearance.&nbsp;<br></p><p>The beverage is certainly unique in what it offers, however its production process remains a mystery, with the brand simply and vaguely describing it as \"produced by methods which have never been used before.\"<br></p>","tags":[],"locale":"en-us","uid":"bltf8674e394c9c3a02","created_by":"blt587a89fc7883c56700a95bfe","updated_by":"bltd94c186015b52323d9429c90","created_at":"2017-05-19T09:38:06.586Z","updated_at":"2017-06-05T17:10:10.086Z","_version":6}